{"cameraMode":{"drawMode":0,"name":"Shaded","section":"Shading Mode"},"sceneLighting":true,"audioPlay":false,"sceneViewState":{"showFog":true,"showMaterialUpdate":false,"showSkybox":true,"showFlares":true,"showImageEffects":true,"showParticleSystems":true},"in2DMode":false,"pivot":{"x":2.6113061904907228,"y":-0.6177585124969482,"z":-7.266113758087158},"rotation":{"x":-0.08406752347946167,"y":-0.5132390260696411,"z":0.050860755145549777,"w":-0.8527755737304688},"size":9.740967750549317,"orthographic":false}