{"cameraMode":{"drawMode":0,"name":"Shaded","section":"Shading Mode"},"sceneLighting":true,"audioPlay":false,"sceneViewState":{"showFog":true,"showMaterialUpdate":false,"showSkybox":true,"showFlares":true,"showImageEffects":true,"showParticleSystems":true},"in2DMode":false,"pivot":{"x":1.082024097442627,"y":0.9074510335922241,"z":0.333617627620697},"rotation":{"x":-0.14180105924606324,"y":-0.18651258945465089,"z":0.027321720495820047,"w":-0.9718972444534302},"size":18.408586502075197,"orthographic":false}