{"cameraMode":{"drawMode":0,"name":"Shaded","section":"Shading Mode"},"sceneLighting":false,"audioPlay":false,"sceneViewState":{"showFog":true,"showMaterialUpdate":false,"showSkybox":true,"showFlares":true,"showImageEffects":true,"showParticleSystems":true},"in2DMode":false,"pivot":{"x":-28.344743728637697,"y":5.590236186981201,"z":-46.82284927368164},"rotation":{"x":-0.002505531767383218,"y":0.9972543716430664,"z":0.004013326484709978,"w":0.0799265205860138},"size":3.3024790287017824,"orthographic":false}