{"cameraMode":{"drawMode":0,"name":"Shaded","section":"Shading Mode"},"sceneLighting":false,"audioPlay":false,"sceneViewState":{"showFog":true,"showMaterialUpdate":false,"showSkybox":true,"showFlares":true,"showImageEffects":true,"showParticleSystems":true},"in2DMode":false,"pivot":{"x":-27.33782386779785,"y":3.4888267517089845,"z":-77.68086242675781},"rotation":{"x":-0.0010542552918195725,"y":0.9997622966766357,"z":-0.030340123921632768,"w":0.021536078304052354},"size":33.82537841796875,"orthographic":false}