{"cameraMode":{"drawMode":0,"name":"Shaded","section":"Shading Mode"},"sceneLighting":false,"audioPlay":false,"sceneViewState":{"showFog":true,"showMaterialUpdate":false,"showSkybox":false,"showFlares":true,"showImageEffects":true,"showParticleSystems":true},"in2DMode":false,"pivot":{"x":0.1608879566192627,"y":1.2860710620880128,"z":0.37204962968826296},"rotation":{"x":-0.10661380738019943,"y":-0.6114923357963562,"z":-0.08411993831396103,"w":0.7797350883483887},"size":1.6264939308166505,"orthographic":false}