{"cameraMode":{"drawMode":0,"name":"Shaded","section":"Shading Mode"},"sceneLighting":false,"audioPlay":false,"sceneViewState":{"showFog":true,"showMaterialUpdate":false,"showSkybox":true,"showFlares":true,"showImageEffects":true,"showParticleSystems":true},"in2DMode":false,"pivot":{"x":-51.021305084228519,"y":-0.24911928176879884,"z":10.392143249511719},"rotation":{"x":-0.05360915884375572,"y":0.3160220682621002,"z":-0.015621372498571873,"w":-0.9475961327552795},"size":70.01078033447266,"orthographic":false}