{"cameraMode":{"drawMode":0,"name":"Shaded","section":"Shading Mode"},"sceneLighting":true,"audioPlay":false,"sceneViewState":{"showFog":true,"showMaterialUpdate":false,"showSkybox":true,"showFlares":true,"showImageEffects":true,"showParticleSystems":true},"in2DMode":false,"pivot":{"x":39.611053466796878,"y":-37.25742721557617,"z":254.12115478515626},"rotation":{"x":0.0741036906838417,"y":0.07770611345767975,"z":-0.005791111383587122,"w":0.9942059516906738},"size":264.65838623046877,"orthographic":false}