{"cameraMode":{"drawMode":0,"name":"Shaded","section":"Shading Mode"},"sceneLighting":true,"audioPlay":false,"sceneViewState":{"showFog":true,"showMaterialUpdate":false,"showSkybox":true,"showFlares":true,"showImageEffects":true,"showParticleSystems":true},"in2DMode":false,"pivot":{"x":-63.147621154785159,"y":24.815811157226564,"z":-0.6360581517219544},"rotation":{"x":-0.07786444574594498,"y":0.8168746829032898,"z":-0.11344035714864731,"w":-0.5604109764099121},"size":79.75698852539063,"orthographic":false}